<?xml version="1.0" encoding="UTF-8"?>
<EarningsReport>
  <Item>
    <Date>2024-01-15</Date>
    <TrackingId>nicki-metads-20</TrackingId>
    <ASIN>B09B8RRQTY</ASIN>
    <ProductName>Echo Dot 5th Generation</ProductName>
    <ItemsShipped>23</ItemsShipped>
    <Revenue>1587.50</Revenue>
    <AdFees>103.19</AdFees>
  </Item>
  <Item>
    <Date>2024-01-16</Date>
    <TrackingId>nicki-fb-20</TrackingId>
    <ASIN>B075FMW2YT</ASIN>
    <ProductName>Revlon One-Step Hair Dryer</ProductName>
    <ItemsShipped>45</ItemsShipped>
    <Revenue>4050.00</Revenue>
    <AdFees>324.00</AdFees>
  </Item>
  <Item>
    <Date>2024-01-18</Date>
    <TrackingId>nicki-igreel-20</TrackingId>
    <ASIN>B00TTD9BRC</ASIN>
    <ProductName>CeraVe Moisturizing Cream</ProductName>
    <ItemsShipped>67</ItemsShipped>
    <Revenue>1005.00</Revenue>
    <AdFees>100.50</AdFees>
  </Item>
  <Item>
    <Date>2024-01-20</Date>
    <TrackingId>nickientenman-20</TrackingId>
    <ASIN>B0CHWRXH8B</ASIN>
    <ProductName>Apple AirPods Pro</ProductName>
    <ItemsShipped>34</ItemsShipped>
    <Revenue>7650.00</Revenue>
    <AdFees>191.25</AdFees>
  </Item>
  <Item>
    <Date>2024-01-22</Date>
    <TrackingId>nicki-metads-20</TrackingId>
    <ASIN>B07JJBXRG3</ASIN>
    <ProductName>Lululemon Align Leggings Dupe</ProductName>
    <ItemsShipped>28</ItemsShipped>
    <Revenue>2744.00</Revenue>
    <AdFees>192.08</AdFees>
  </Item>
  <Item>
    <Date>2024-01-24</Date>
    <TrackingId>nicki-fb-20</TrackingId>
    <ASIN>B0BRR3MH4W</ASIN>
    <ProductName>Stanley Quencher Tumbler</ProductName>
    <ItemsShipped>89</ItemsShipped>
    <Revenue>3560.00</Revenue>
    <AdFees>213.60</AdFees>
  </Item>
</EarningsReport>
